ensemble_test_score,duration
0,0
-9.158032130418547e-07,58.115697999999995
-9.158032130418547e-07,115.179818
0.6655455056905308,115.403368
0.6655455056905308,120