ensemble_test_score,duration
0,0
0,27.096484000000004
-2.6924774229053483e-05,27.55852
-2.6924774229053483e-05,70.096484
0.5421658694690988,70.35558
0.5421658694690988,120